../images/nb-1164570.jpg,not landscape
../images/zbz-011153816.jpg,landscape
../images/zbz-010413446.jpg,not landscape
../images/zbz-010794591.jpg,landscape
../images/zbz-010415037.jpg,landscape
../images/zbz-010200107.jpg,landscape
../images/zbz-010964247.jpg,not landscape
../images/nb-481809.jpg,landscape
../images/zbz-010919284.jpg,landscape
../images/nb-477621.jpg,landscape
../images/zbz-011366801.jpg,not landscape
../images/zbz-010586139.jpg,not landscape
../images/zbz-011004782.jpg,not landscape
../images/zbz-010384213.jpg,not landscape
../images/nb-477147.jpg,landscape
../images/zbz-010658825.jpg,not landscape
../images/zbz-005412288.jpg,not landscape
../images/nb-802623.jpg,not landscape
../images/zbz-010494529.jpg,landscape
../images/zbz-010443517.jpg,landscape
../images/zbz-010593534.jpg,not landscape
../images/zbz-010869777.jpg,landscape
../images/nb-784711.jpg,landscape
../images/zbz-010240245.jpg,not landscape
../images/nb-869082.jpg,landscape
../images/nb-162965.jpg,landscape
../images/zbz-010913965.jpg,landscape
../images/zbz-011391245.jpg,landscape
../images/zbz-010869763.jpg,not landscape
../images/zbz-010681822.jpg,not landscape
../images/zbz-010642869.jpg,landscape
../images/zbz-010094912.jpg,not landscape
../images/zbz-005260337.jpg,not landscape
../images/zbz-010545600.jpg,not landscape
../images/zbz-011081788.jpg,landscape
../images/zbz-010109831.jpg,landscape
../images/nb-919203.jpg,landscape
../images/zbz-010182802.jpg,not landscape
../images/nb-958539.jpg,landscape
../images/zbz-010178010.jpg,not landscape
../images/nb-822281.jpg,landscape
../images/nb-477635.jpg,landscape
../images/zbz-006057701.jpg,landscape
../images/nb-1164564.jpg,not landscape
../images/zbz-010380707.jpg,landscape
../images/zbz-011001188.jpg,landscape
../images/zbz-010825233.jpg,landscape
../images/nb-940438.jpg,not landscape
../images/zbz-010864509.jpg,not landscape
../images/nb-918653.jpg,landscape
../images/nb-917560.jpg,landscape
../images/zbz-010020247.jpg,not landscape
../images/zbz-010635377.jpg,landscape
../images/zbz-011123315.jpg,landscape
../images/zbz-010498449.jpg,landscape
../images/nb-481835.jpg,not landscape
../images/zbz-010811196.jpg,landscape
../images/zbz-010405218.jpg,not landscape
../images/zbz-010996953.jpg,landscape
../images/zbz-010246608.jpg,not landscape
../images/zbz-011386711.jpg,landscape
../images/nb-162795.jpg,landscape
../images/zbz-010353211.jpg,landscape
../images/zbz-010092393.jpg,landscape
../images/nb-817574.jpg,landscape
../images/zbz-011128526.jpg,not landscape
../images/nb-479156.jpg,not landscape
../images/zbz-010080797.jpg,not landscape
../images/zbz-010658819.jpg,not landscape
../images/zbz-010863500.jpg,landscape
../images/zbz-011065340.jpg,landscape
../images/zbz-010735377.jpg,landscape
../images/nb-479142.jpg,not landscape
../images/zbz-010667425.jpg,landscape
../images/zbz-011392770.jpg,landscape
../images/zbz-010439293.jpg,not landscape
../images/zbz-010494501.jpg,landscape
../images/zbz-011035577.jpg,landscape
../images/zbz-010406063.jpg,landscape
../images/zbz-010779169.jpg,not landscape
../images/zbz-011389436.jpg,landscape
../images/zbz-010388401.jpg,not landscape
../images/nb-838583.jpg,landscape
../images/nb-817560.jpg,not landscape
../images/zbz-010104497.jpg,not landscape
../images/zbz-010654789.jpg,not landscape
../images/zbz-010074602.jpg,landscape
../images/nb-477609.jpg,landscape
../images/nb-813060.jpg,not landscape
../images/zbz-010657280.jpg,landscape
../images/zbz-010692862.jpg,landscape
../images/zbz-011065426.jpg,landscape
../images/zbz-010098899.jpg,not landscape
../images/zbz-010110409.jpg,landscape
../images/nb-958288.jpg,landscape
../images/zbz-011075806.jpg,not landscape
../images/zbz-009989051.jpg,not landscape
../images/nb-1110232.jpg,not landscape
../images/zbz-011136081.jpg,not landscape
../images/zbz-010890311.jpg,not landscape
../images/nb-1000753.jpg,not landscape
../images/zbz-005587052.jpg,landscape
../images/zbz-010697729.jpg,landscape
../images/zbz-011434313.jpg,landscape
../images/nb-481612.jpg,landscape
../images/zbz-010644571.jpg,not landscape
../images/zbz-010635388.jpg,landscape
../images/zbz-010412943.jpg,landscape
../images/zbz-010364442.jpg,not landscape
../images/zbz-010904216.jpg,not landscape
../images/zbz-010878861.jpg,landscape
../images/nb-481174.jpg,landscape
../images/zbz-010806373.jpg,not landscape
../images/nb-1000035.jpg,not landscape
../images/zbz-010077486.jpg,not landscape
../images/zbz-010083261.jpg,not landscape
../images/nb-477184.jpg,landscape
../images/zbz-011080441.jpg,landscape
../images/nb-890382.jpg,landscape
../images/nb-477190.jpg,landscape
../images/zbz-010692123.jpg,landscape
../images/zbz-011419295.jpg,landscape
../images/zbz-010587596.jpg,not landscape
../images/zbz-010234513.jpg,landscape
../images/zbz-011081993.jpg,landscape
../images/zbz-010648439.jpg,not landscape
../images/zbz-011056775.jpg,landscape
../images/nb-481160.jpg,landscape
../images/zbz-011082242.jpg,not landscape
../images/nb-816859.jpg,not landscape
../images/nb-879246.jpg,landscape
../images/zbz-010778288.jpg,not landscape
../images/zbz-010362027.jpg,landscape
../images/nb-858288.jpg,landscape
../images/nb-1051508.jpg,landscape
../images/zbz-010345498.jpg,not landscape
../images/zbz-011153619.jpg,not landscape
../images/nb-480518.jpg,not landscape
../images/nb-1000747.jpg,landscape
../images/zbz-010686630.jpg,landscape
../images/zbz-010241832.jpg,landscape
../images/zbz-010413491.jpg,not landscape
../images/zbz-010904564.jpg,landscape
../images/nb-1123834.jpg,not landscape
../images/nb-481606.jpg,landscape
../images/zbz-010582388.jpg,not landscape
../images/nb-742193.jpg,landscape
../images/zbz-010812474.jpg,not landscape
../images/nb-479803.jpg,not landscape
../images/zbz-010649041.jpg,landscape
../images/nb-941915.jpg,landscape
../images/zbz-011115664.jpg,not landscape
../images/nb-480530.jpg,landscape
../images/zbz-009994982.jpg,landscape
../images/zbz-011041547.jpg,not landscape
../images/zbz-010178945.jpg,landscape
../images/zbz-010650538.jpg,not landscape
../images/zbz-010110435.jpg,landscape
../images/nb-477806.jpg,landscape
../images/zbz-010429731.jpg,not landscape
../images/nb-835716.jpg,not landscape
../images/zbz-010460457.jpg,not landscape
../images/zbz-010745121.jpg,not landscape
../images/zbz-010054505.jpg,not landscape
../images/zbz-011158002.jpg,landscape
../images/nb-479195.jpg,not landscape
../images/zbz-010146115.jpg,not landscape
../images/zbz-010783774.jpg,landscape
../images/zbz-010079497.jpg,landscape
../images/zbz-010687260.jpg,not landscape
../images/nb-816871.jpg,not landscape
../images/zbz-010996748.jpg,not landscape
../images/nb-481148.jpg,not landscape
../images/nb-1124815.jpg,not landscape
../images/zbz-011085505.jpg,landscape
../images/zbz-010895533.jpg,not landscape
../images/zbz-010821928.jpg,landscape
../images/nb-784936.jpg,landscape
../images/zbz-010738684.jpg,not landscape
../images/zbz-005392638.jpg,landscape
../images/nb-480256.jpg,not landscape
../images/zbz-010603160.jpg,landscape
../images/zbz-010653743.jpg,not landscape
../images/zbz-010462532.jpg,landscape
../images/nb-1124801.jpg,not landscape
../images/zbz-010894639.jpg,not landscape
../images/zbz-010869944.jpg,landscape
../images/nb-1051534.jpg,landscape
../images/nb-480242.jpg,landscape
../images/zbz-010685463.jpg,not landscape
../images/zbz-010805652.jpg,not landscape
../images/zbz-010409393.jpg,not landscape
../images/zbz-010835949.jpg,not landscape
../images/zbz-010951571.jpg,not landscape
../images/zbz-011065383.jpg,landscape
../images/nb-479181.jpg,not landscape
../images/nb-938232.jpg,landscape
../images/nb-918684.jpg,landscape
../images/zbz-010918171.jpg,landscape
../images/nb-477812.jpg,landscape
../images/zbz-010610108.jpg,landscape
../images/nb-1100009.jpg,landscape
../images/zbz-010436605.jpg,landscape
../images/nb-480524.jpg,landscape
../images/zbz-010837838.jpg,not landscape
../images/zbz-010613401.jpg,not landscape
../images/zbz-010294570.jpg,landscape
../images/zbz-010491653.jpg,not landscape
../images/zbz-011165618.jpg,not landscape
../images/zbz-010452618.jpg,landscape
../images/zbz-010793942.jpg,not landscape
../images/zbz-010246436.jpg,not landscape
../images/nb-478076.jpg,not landscape
../images/zbz-005374626.jpg,landscape
../images/zbz-010394202.jpg,not landscape
../images/zbz-011080858.jpg,landscape
../images/zbz-010233917.jpg,not landscape
../images/nb-478710.jpg,not landscape
../images/nb-786462.jpg,landscape
../images/nb-477423.jpg,landscape
../images/nb-816332.jpg,not landscape
../images/zbz-010540208.jpg,not landscape
../images/zbz-010352457.jpg,landscape
../images/zbz-011115499.jpg,not landscape
../images/nb-810743.jpg,not landscape
../images/zbz-010655865.jpg,not landscape
../images/nb-879939.jpg,landscape
../images/zbz-010737038.jpg,landscape
../images/zbz-010614193.jpg,not landscape
../images/zbz-010078206.jpg,not landscape
../images/zbz-011134443.jpg,landscape
../images/zbz-010784594.jpg,not landscape
../images/zbz-010879014.jpg,landscape
../images/zbz-010245895.jpg,landscape
../images/zbz-010254740.jpg,landscape
../images/zbz-010138150.jpg,landscape
../images/zbz-010897873.jpg,landscape
../images/nb-478704.jpg,not landscape
../images/zbz-010448132.jpg,landscape
../images/zbz-010447201.jpg,not landscape
../images/nb-812140.jpg,landscape
../images/nb-477437.jpg,landscape
../images/zbz-011126047.jpg,not landscape
../images/zbz-010610493.jpg,landscape
../images/zbz-010469842.jpg,not landscape
../images/nb-478062.jpg,landscape
../images/zbz-010930366.jpg,landscape
../images/zbz-010952285.jpg,landscape
../images/zbz-010084903.jpg,landscape
../images/zbz-010809295.jpg,not landscape
../images/zbz-009983971.jpg,landscape
../images/zbz-010139500.jpg,not landscape
../images/zbz-010466581.jpg,not landscape
../images/zbz-010033039.jpg,not landscape
../images/zbz-010589752.jpg,not landscape
../images/zbz-010196485.jpg,not landscape
../images/zbz-010934128.jpg,not landscape
../images/nb-793053.jpg,landscape
../images/nb-481389.jpg,landscape
../images/zbz-010266902.jpg,landscape
../images/nb-480097.jpg,not landscape
../images/nb-1006861.jpg,not landscape
../images/nb-809548.jpg,not landscape
../images/zbz-011047491.jpg,not landscape
../images/zbz-010381155.jpg,landscape
../images/zbz-010497578.jpg,not landscape
../images/zbz-010423963.jpg,not landscape
../images/nb-801672.jpg,landscape
../images/zbz-010094286.jpg,landscape
../images/zbz-009995685.jpg,not landscape
../images/zbz-010079130.jpg,not landscape
../images/nb-861186.jpg,landscape
../images/nb-480929.jpg,landscape
../images/zbz-010343566.jpg,landscape
../images/zbz-010162504.jpg,not landscape
../images/zbz-011065630.jpg,not landscape
../images/nb-814519.jpg,not landscape
../images/zbz-010088877.jpg,not landscape
../images/zbz-010138178.jpg,landscape
../images/zbz-010638451.jpg,landscape
../images/zbz-010129075.jpg,not landscape
../images/zbz-010822992.jpg,not landscape
../images/zbz-010896589.jpg,not landscape
../images/zbz-010347714.jpg,not landscape
../images/zbz-011043185.jpg,not landscape
../images/zbz-010419427.jpg,landscape
../images/nb-478738.jpg,not landscape
../images/zbz-010158698.jpg,landscape
../images/zbz-010234088.jpg,not landscape
../images/zbz-011082901.jpg,landscape
../images/zbz-010387256.jpg,landscape
../images/zbz-011027417.jpg,not landscape
../images/zbz-010489752.jpg,landscape
../images/zbz-010663327.jpg,not landscape
../images/nb-817004.jpg,landscape
../images/zbz-010020737.jpg,not landscape
../images/zbz-010404476.jpg,not landscape
../images/zbz-011056588.jpg,not landscape
../images/zbz-010913583.jpg,landscape
../images/zbz-010388603.jpg,not landscape
../images/zbz-010838074.jpg,landscape
../images/zbz-010208017.jpg,not landscape
../images/zbz-010537916.jpg,not landscape
../images/nb-480083.jpg,landscape
../images/zbz-010405768.jpg,not landscape
../images/zbz-011125214.jpg,landscape
../images/nb-741101.jpg,not landscape
../images/zbz-010926538.jpg,not landscape
../images/nb-804078.jpg,not landscape
../images/zbz-010100395.jpg,not landscape
../images/nb-479340.jpg,not landscape
../images/nb-803717.jpg,landscape
../images/zbz-010814575.jpg,landscape
../images/zbz-009990064.jpg,not landscape
../images/nb-812829.jpg,not landscape
../images/zbz-010272750.jpg,landscape
../images/zbz-010138839.jpg,not landscape
../images/zbz-010692335.jpg,not landscape
../images/nb-480068.jpg,landscape
../images/zbz-010696153.jpg,landscape
../images/nb-1007558.jpg,landscape
../images/zbz-010345856.jpg,landscape
../images/zbz-010962391.jpg,not landscape
../images/nb-162568.jpg,landscape
../images/nb-481376.jpg,landscape
../images/nb-1001129.jpg,not landscape
../images/zbz-005722132.jpg,landscape
../images/zbz-011059136.jpg,not landscape
../images/nb-481410.jpg,not landscape
../images/zbz-010125868.jpg,not landscape
../images/zbz-010432649.jpg,landscape
../images/zbz-010389290.jpg,landscape
../images/zbz-010334711.jpg,not landscape
../images/zbz-011365111.jpg,landscape
../images/zbz-010733289.jpg,landscape
../images/zbz-010742470.jpg,landscape
../images/nb-939460.jpg,landscape
../images/nb-476926.jpg,landscape
../images/zbz-010896562.jpg,not landscape
../images/nb-482119.jpg,landscape
../images/nb-813289.jpg,not landscape
../images/zbz-010151131.jpg,not landscape
../images/zbz-010890107.jpg,not landscape
../images/zbz-010552803.jpg,not landscape
../images/zbz-010897668.jpg,not landscape
../images/zbz-010886765.jpg,not landscape
../images/nb-879722.jpg,landscape
../images/nb-481404.jpg,not landscape
../images/zbz-011000057.jpg,landscape
../images/zbz-010593087.jpg,not landscape
../images/nb-894494.jpg,not landscape
../images/zbz-010696147.jpg,landscape
../images/zbz-010613159.jpg,landscape
../images/zbz-010386809.jpg,landscape
../images/zbz-010595390.jpg,not landscape
../images/nb-1050414.jpg,landscape
../images/zbz-010800514.jpg,not landscape
../images/nb-481362.jpg,not landscape
../images/zbz-011370508.jpg,not landscape
../images/zbz-011438059.jpg,landscape
../images/zbz-011004557.jpg,landscape
../images/zbz-010117616.jpg,landscape
../images/zbz-010407180.jpg,not landscape
../images/zbz-010427250.jpg,not landscape
../images/zbz-010694750.jpg,not landscape
../images/zbz-010272744.jpg,landscape
../images/zbz-010611996.jpg,not landscape
../images/nb-880387.jpg,landscape
../images/nb-480054.jpg,landscape
../images/zbz-010738486.jpg,not landscape
../images/nb-821207.jpg,not landscape
../images/nb-1007564.jpg,landscape
../images/nb-990816.jpg,not landscape
../images/zbz-010643746.jpg,not landscape
../images/zbz-010380288.jpg,landscape
../images/zbz-010197980.jpg,not landscape
../images/zbz-010399901.jpg,not landscape
../images/zbz-010542386.jpg,not landscape
../images/nb-479397.jpg,landscape
../images/zbz-010427278.jpg,not landscape
../images/nb-478089.jpg,not landscape
../images/zbz-010407816.jpg,not landscape
../images/zbz-011087676.jpg,landscape
../images/zbz-005809976.jpg,landscape
../images/nb-478937.jpg,not landscape
../images/zbz-010897898.jpg,not landscape
../images/nb-482125.jpg,landscape
../images/zbz-010420271.jpg,not landscape
../images/zbz-010434204.jpg,landscape
../images/zbz-010124592.jpg,not landscape
../images/nb-837303.jpg,not landscape
../images/zbz-010643020.jpg,not landscape
../images/zbz-010717303.jpg,not landscape
../images/zbz-010811357.jpg,not landscape
../images/zbz-010691166.jpg,landscape
../images/zbz-010821294.jpg,landscape
../images/zbz-010465739.jpg,not landscape
../images/nb-481438.jpg,not landscape
../images/zbz-010530704.jpg,landscape
../images/zbz-010124586.jpg,landscape
../images/nb-480726.jpg,not landscape
../images/zbz-010802459.jpg,landscape
../images/zbz-010931939.jpg,not landscape
../images/nb-478923.jpg,not landscape
../images/zbz-010469103.jpg,not landscape
../images/zbz-010667182.jpg,landscape
../images/zbz-010395849.jpg,not landscape
../images/nb-482131.jpg,not landscape
../images/zbz-010693765.jpg,not landscape
../images/zbz-011055042.jpg,not landscape
../images/zbz-011370534.jpg,landscape
../images/zbz-010658414.jpg,not landscape
../images/zbz-011045251.jpg,landscape
../images/zbz-010745451.jpg,not landscape
../images/nb-832509.jpg,not landscape
../images/nb-480040.jpg,landscape
../images/zbz-010746158.jpg,not landscape
../images/nb-1007570.jpg,landscape
../images/zbz-010808174.jpg,landscape
../images/nb-990802.jpg,landscape
../images/nb-1001101.jpg,not landscape
../images/zbz-010530062.jpg,not landscape
../images/zbz-011070375.jpg,landscape
../images/zbz-010389441.jpg,not landscape
../images/zbz-011085854.jpg,not landscape
../images/zbz-010247884.jpg,landscape
../images/zbz-010061151.jpg,not landscape
../images/zbz-010605698.jpg,not landscape
../images/zbz-010912919.jpg,not landscape
../images/zbz-010417230.jpg,not landscape
../images/zbz-010168161.jpg,not landscape
../images/nb-478102.jpg,not landscape
../images/nb-1003689.jpg,landscape
../images/nb-477231.jpg,landscape
../images/zbz-010659695.jpg,not landscape
../images/zbz-010825179.jpg,landscape
../images/zbz-010874450.jpg,landscape
../images/nb-476891.jpg,not landscape
../images/nb-890751.jpg,landscape
../images/nb-478664.jpg,not landscape
../images/nb-477557.jpg,landscape
../images/zbz-011157906.jpg,landscape
../images/zbz-010418665.jpg,landscape
../images/zbz-010618811.jpg,not landscape
../images/zbz-010824267.jpg,not landscape
../images/nb-814451.jpg,not landscape
../images/nb-480861.jpg,landscape
../images/nb-868954.jpg,landscape
../images/zbz-010389327.jpg,not landscape
../images/nb-1124222.jpg,not landscape
../images/nb-826385.jpg,not landscape
../images/zbz-010698977.jpg,not landscape
../images/zbz-010808955.jpg,not landscape
../images/zbz-010443107.jpg,landscape
../images/zbz-011070413.jpg,not landscape
../images/nb-480875.jpg,landscape
../images/zbz-010404258.jpg,not landscape
../images/zbz-010403537.jpg,landscape
../images/zbz-010779545.jpg,not landscape
../images/zbz-010389333.jpg,not landscape
../images/zbz-010405146.jpg,not landscape
../images/zbz-010443113.jpg,not landscape
../images/nb-476885.jpg,not landscape
../images/nb-478670.jpg,not landscape
../images/nb-872918.jpg,not landscape
../images/zbz-010705698.jpg,landscape
../images/zbz-010418671.jpg,not landscape
../images/zbz-010626733.jpg,not landscape
../images/nb-889572.jpg,not landscape
../images/nb-479208.jpg,not landscape
../images/zbz-010106874.jpg,not landscape
../images/zbz-010349117.jpg,landscape
../images/nb-478116.jpg,landscape
../images/nb-477225.jpg,landscape
../images/zbz-010515341.jpg,landscape
../images/zbz-010659681.jpg,not landscape
../images/nb-1115955.jpg,not landscape
../images/zbz-011124042.jpg,not landscape
../images/nb-813464.jpg,not landscape
../images/nb-938193.jpg,landscape
../images/nb-479220.jpg,not landscape
../images/zbz-010887282.jpg,landscape
../images/zbz-010470297.jpg,not landscape
../images/zbz-010385247.jpg,not landscape
../images/nb-957554.jpg,landscape
../images/zbz-010894598.jpg,not landscape
../images/zbz-010868723.jpg,not landscape
../images/zbz-010241211.jpg,not landscape
../images/zbz-010060273.jpg,landscape
../images/zbz-011028122.jpg,landscape
../images/zbz-005368421.jpg,not landscape
../images/zbz-010134636.jpg,not landscape
../images/zbz-010806944.jpg,not landscape
../images/nb-999985.jpg,landscape
../images/zbz-010748968.jpg,not landscape
../images/zbz-010270972.jpg,not landscape
../images/nb-480685.jpg,landscape
../images/zbz-010593118.jpg,not landscape
../images/zbz-010630179.jpg,not landscape
../images/nb-478658.jpg,not landscape
../images/nb-479546.jpg,not landscape
../images/nb-482092.jpg,landscape
../images/zbz-010833727.jpg,landscape
../images/nb-478880.jpg,not landscape
../images/zbz-010678101.jpg,not landscape
../images/zbz-010349881.jpg,not landscape
../images/zbz-010745280.jpg,not landscape
../images/zbz-010158934.jpg,not landscape
../images/nb-482086.jpg,landscape
../images/nb-479552.jpg,not landscape
../images/zbz-005434111.jpg,not landscape
../images/nb-480849.jpg,landscape
../images/nb-817170.jpg,not landscape
../images/zbz-010688594.jpg,landscape
../images/zbz-010915938.jpg,not landscape
../images/nb-480691.jpg,not landscape
../images/nb-999991.jpg,not landscape
../images/zbz-011059917.jpg,landscape
../images/nb-1115969.jpg,not landscape
../images/zbz-009992934.jpg,landscape
../images/zbz-005378140.jpg,landscape
../images/zbz-005368353.jpg,not landscape
../images/zbz-010235584.jpg,landscape
../images/zbz-010542225.jpg,not landscape
../images/nb-479234.jpg,not landscape
../images/zbz-010928461.jpg,not landscape
../images/zbz-010169257.jpg,not landscape
../images/zbz-010449402.jpg,not landscape
../images/nb-477219.jpg,not landscape
../images/nb-791724.jpg,not landscape
../images/nb-958673.jpg,landscape
../images/zbz-010129673.jpg,not landscape
../images/zbz-010692241.jpg,not landscape
../images/zbz-010148272.jpg,landscape
../images/zbz-010401491.jpg,not landscape
../images/zbz-010470268.jpg,not landscape
../images/zbz-011002046.jpg,not landscape
../images/zbz-010609061.jpg,not landscape
../images/zbz-010192768.jpg,not landscape
../images/nb-63273.jpg,landscape
../images/zbz-010550812.jpg,not landscape
../images/nb-481202.jpg,not landscape
../images/zbz-010197610.jpg,not landscape
../images/zbz-010269562.jpg,not landscape
../images/zbz-011123922.jpg,landscape
../images/zbz-010246581.jpg,not landscape
../images/nb-942818.jpg,landscape
../images/zbz-010748997.jpg,not landscape
../images/zbz-011027588.jpg,not landscape
../images/nb-481564.jpg,landscape
../images/zbz-010420339.jpg,not landscape
../images/nb-920045.jpg,landscape
../images/zbz-011378752.jpg,landscape
../images/nb-476852.jpg,landscape
../images/nb-477594.jpg,not landscape
../images/nb-482079.jpg,landscape
../images/zbz-011146604.jpg,landscape
../images/zbz-010586298.jpg,not landscape
../images/nb-842818.jpg,landscape
../images/nb-476846.jpg,not landscape
../images/zbz-010379771.jpg,not landscape
../images/zbz-010630192.jpg,landscape
../images/zbz-010890073.jpg,landscape
../images/nb-477580.jpg,landscape
../images/zbz-011144013.jpg,not landscape
../images/zbz-010077082.jpg,not landscape
../images/zbz-010154129.jpg,landscape
../images/zbz-010716141.jpg,not landscape
../images/zbz-010690324.jpg,not landscape
../images/nb-481570.jpg,not landscape
../images/nb-879130.jpg,not landscape
../images/zbz-010711148.jpg,not landscape
../images/nb-162408.jpg,landscape
../images/nb-481216.jpg,landscape
../images/nb-1001049.jpg,not landscape
../images/zbz-011056403.jpg,not landscape
../images/nb-1007438.jpg,landscape
../images/zbz-010642504.jpg,landscape
../images/zbz-011123936.jpg,landscape
../images/zbz-010593695.jpg,not landscape
../images/nb-826434.jpg,landscape
../images/nb-480108.jpg,not landscape
../images/nb-832441.jpg,not landscape
../images/zbz-010253826.jpg,landscape
../images/zbz-010400943.jpg,landscape
../images/zbz-010089348.jpg,not landscape
../images/zbz-005374785.jpg,not landscape
../images/zbz-010274241.jpg,landscape
../images/zbz-010530102.jpg,not landscape
../images/zbz-010913420.jpg,landscape
../images/zbz-010820798.jpg,landscape
../images/nb-480120.jpg,landscape
../images/zbz-010462888.jpg,not landscape
../images/zbz-010436201.jpg,landscape
../images/nb-1003676.jpg,landscape
../images/zbz-011053553.jpg,landscape
../images/nb-888687.jpg,landscape
../images/nb-812961.jpg,not landscape
../images/zbz-010479516.jpg,not landscape
../images/zbz-010394389.jpg,not landscape
../images/nb-479585.jpg,not landscape
../images/nb-482051.jpg,landscape
../images/zbz-010159425.jpg,not landscape
../images/zbz-010951175.jpg,not landscape
../images/nb-825673.jpg,not landscape
../images/nb-480646.jpg,not landscape
../images/nb-837277.jpg,not landscape
../images/nb-481558.jpg,landscape
../images/zbz-011041631.jpg,not landscape
../images/zbz-010836688.jpg,landscape
../images/nb-999952.jpg,not landscape
../images/zbz-010585975.jpg,not landscape
../images/nb-838150.jpg,not landscape
../images/nb-933777.jpg,landscape
../images/zbz-010474998.jpg,not landscape
../images/zbz-010783370.jpg,not landscape
../images/zbz-010131941.jpg,landscape
../images/zbz-010379995.jpg,landscape
../images/nb-482045.jpg,not landscape
../images/nb-479591.jpg,not landscape
../images/nb-478857.jpg,not landscape
../images/zbz-010901756.jpg,not landscape
../images/zbz-010384830.jpg,not landscape
../images/zbz-010262379.jpg,landscape
../images/zbz-010193338.jpg,not landscape
../images/zbz-005664991.jpg,landscape
../images/nb-1003662.jpg,landscape
../images/zbz-010618144.jpg,landscape
../images/zbz-011340583.jpg,not landscape
../images/zbz-010917652.jpg,not landscape
../images/zbz-010134187.jpg,landscape
../images/zbz-010452787.jpg,not landscape
../images/nb-162434.jpg,landscape
../images/zbz-010124394.jpg,not landscape
../images/zbz-010795274.jpg,not landscape
../images/zbz-011115260.jpg,not landscape
../images/nb-480134.jpg,not landscape
../images/zbz-010662367.jpg,not landscape
../images/zbz-010749690.jpg,not landscape
../images/zbz-010809691.jpg,not landscape
../images/zbz-011387221.jpg,landscape
../images/nb-814653.jpg,not landscape
../images/nb-533665.jpg,landscape
../images/zbz-011075769.jpg,not landscape
../images/nb-479778.jpg,not landscape
../images/zbz-010451701.jpg,landscape
../images/zbz-010167736.jpg,not landscape
../images/nb-890553.jpg,not landscape
../images/zbz-010376697.jpg,landscape
../images/nb-940216.jpg,landscape
../images/zbz-010919496.jpg,not landscape
../images/zbz-010431793.jpg,landscape
../images/nb-477033.jpg,landscape
../images/zbz-011003199.jpg,landscape
../images/zbz-010133401.jpg,not landscape
../images/nb-942401.jpg,landscape
../images/zbz-011386881.jpg,not landscape
../images/zbz-010866530.jpg,not landscape
../images/zbz-005503583.jpg,not landscape
../images/nb-162805.jpg,landscape
../images/zbz-010397469.jpg,not landscape
../images/nb-1001288.jpg,landscape
../images/zbz-010794397.jpg,not landscape
../images/zbz-010866524.jpg,not landscape
../images/zbz-010737428.jpg,not landscape
../images/nb-162811.jpg,landscape
../images/nb-477027.jpg,landscape
../images/nb-812550.jpg,not landscape
../images/nb-478314.jpg,not landscape
../images/zbz-010408106.jpg,not landscape
../images/zbz-011410460.jpg,landscape
../images/zbz-010394160.jpg,not landscape
../images/nb-477999.jpg,not landscape
../images/zbz-010523397.jpg,not landscape
../images/zbz-010715689.jpg,not landscape
../images/nb-533671.jpg,landscape
../images/nb-814647.jpg,not landscape
../images/zbz-011130553.jpg,landscape
../images/nb-477741.jpg,not landscape
../images/zbz-010131564.jpg,not landscape
../images/zbz-010630353.jpg,landscape
../images/zbz-011120998.jpg,landscape
../images/zbz-010959918.jpg,landscape
../images/nb-481969.jpg,landscape
../images/zbz-010593332.jpg,not landscape
../images/zbz-010870420.jpg,landscape
../images/zbz-010508112.jpg,not landscape
../images/zbz-010795937.jpg,not landscape
../images/zbz-011366949.jpg,landscape
../images/nb-479744.jpg,landscape
../images/zbz-011366791.jpg,not landscape
../images/zbz-010443339.jpg,not landscape
../images/nb-811717.jpg,not landscape
../images/nb-480487.jpg,not landscape
../images/zbz-010464786.jpg,not landscape
../images/zbz-010871716.jpg,landscape
../images/zbz-010353403.jpg,landscape
../images/nb-481799.jpg,not landscape
../images/zbz-010124141.jpg,not landscape
../images/zbz-010345507.jpg,not landscape
../images/zbz-011122619.jpg,not landscape
../images/zbz-010831454.jpg,not landscape
../images/zbz-010419023.jpg,landscape
../images/zbz-010431977.jpg,landscape
../images/zbz-010503709.jpg,not landscape
../images/zbz-011410448.jpg,landscape
../images/zbz-005688252.jpg,landscape
../images/zbz-011108782.jpg,landscape
../images/zbz-010833243.jpg,landscape
../images/zbz-010468802.jpg,not landscape
../images/zbz-010812299.jpg,not landscape
../images/zbz-010863460.jpg,landscape
../images/nb-478328.jpg,not landscape
../images/zbz-010931332.jpg,landscape
../images/zbz-010582565.jpg,not landscape
../images/nb-1051483.jpg,landscape
../images/zbz-010878040.jpg,landscape
../images/zbz-005291286.jpg,landscape
../images/zbz-010689488.jpg,not landscape
../images/zbz-010210248.jpg,not landscape
../images/nb-480493.jpg,not landscape
../images/nb-162193.jpg,landscape
../images/zbz-010134420.jpg,not landscape
../images/zbz-011029994.jpg,not landscape
../images/zbz-011038641.jpg,landscape
../images/zbz-010247310.jpg,landscape
../images/zbz-005368637.jpg,landscape
../images/nb-886319.jpg,landscape
../images/zbz-010937025.jpg,not landscape
../images/zbz-010668104.jpg,not landscape
../images/zbz-010873115.jpg,landscape
../images/zbz-010607528.jpg,landscape
../images/nb-479963.jpg,landscape
../images/zbz-005302363.jpg,landscape
../images/zbz-010255927.jpg,not landscape
../images/zbz-010616425.jpg,landscape
../images/zbz-010438774.jpg,not landscape
../images/zbz-010736087.jpg,not landscape
../images/zbz-010241952.jpg,not landscape
../images/nb-912593.jpg,landscape
../images/nb-1007148.jpg,landscape
../images/zbz-010923905.jpg,not landscape
../images/nb-1124785.jpg,not landscape
../images/zbz-005204706.jpg,not landscape
../images/zbz-005319743.jpg,not landscape
../images/nb-481000.jpg,landscape
../images/zbz-010341946.jpg,not landscape
../images/nb-834226.jpg,not landscape
../images/zbz-010234473.jpg,landscape
../images/zbz-010909646.jpg,landscape
../images/zbz-010159169.jpg,landscape
../images/zbz-010786750.jpg,not landscape
../images/zbz-010799670.jpg,landscape
../images/zbz-011054016.jpg,landscape
../images/nb-1124791.jpg,not landscape
../images/nb-821159.jpg,not landscape
../images/zbz-010189638.jpg,not landscape
../images/nb-481014.jpg,not landscape
../images/zbz-010613549.jpg,not landscape
../images/zbz-010405387.jpg,not landscape
../images/zbz-010511480.jpg,landscape
../images/zbz-011122194.jpg,not landscape
../images/zbz-010098721.jpg,not landscape
../images/zbz-010692731.jpg,landscape
../images/zbz-010492945.jpg,not landscape
../images/nb-918914.jpg,landscape
../images/zbz-010886413.jpg,not landscape
../images/zbz-011042112.jpg,not landscape
../images/zbz-010438760.jpg,landscape
../images/zbz-010783166.jpg,not landscape
../images/zbz-010530466.jpg,landscape
../images/zbz-011029943.jpg,landscape
../images/nb-837075.jpg,not landscape
../images/nb-481982.jpg,landscape
../images/zbz-010691210.jpg,landscape
../images/zbz-010911753.jpg,landscape
../images/zbz-009989119.jpg,landscape
../images/zbz-010897536.jpg,not landscape
../images/nb-477972.jpg,not landscape
../images/zbz-011081171.jpg,landscape
../images/nb-479787.jpg,not landscape
../images/zbz-010798220.jpg,not landscape
../images/zbz-010927587.jpg,not landscape
../images/zbz-010469507.jpg,not landscape
../images/zbz-011170822.jpg,landscape
../images/zbz-010960814.jpg,landscape
../images/zbz-010906549.jpg,not landscape
../images/zbz-010503912.jpg,not landscape
../images/zbz-010538984.jpg,not landscape
../images/nb-1007612.jpg,landscape
../images/nb-162622.jpg,landscape
../images/zbz-010878929.jpg,not landscape
../images/zbz-010187629.jpg,not landscape
../images/nb-1007606.jpg,not landscape
../images/zbz-010869830.jpg,landscape
../images/nb-841849.jpg,not landscape
../images/nb-838434.jpg,not landscape
../images/zbz-010094899.jpg,landscape
../images/zbz-010913636.jpg,not landscape
../images/nb-481028.jpg,not landscape
../images/zbz-010469513.jpg,landscape
../images/zbz-010648571.jpg,not landscape
../images/zbz-010611404.jpg,landscape
../images/zbz-011148371.jpg,not landscape
../images/zbz-011377893.jpg,landscape
../images/zbz-010887731.jpg,landscape
../images/zbz-010109004.jpg,landscape
../images/zbz-010636905.jpg,not landscape
../images/zbz-010897522.jpg,not landscape
../images/nb-477966.jpg,not landscape
../images/nb-479793.jpg,not landscape
../images/nb-938420.jpg,landscape
../images/zbz-011075782.jpg,not landscape
../images/nb-811918.jpg,not landscape
../images/nb-481996.jpg,landscape
../images/zbz-010884238.jpg,not landscape
../images/zbz-010638097.jpg,landscape
../images/zbz-010194132.jpg,landscape
../images/zbz-010447837.jpg,not landscape
../images/zbz-010534173.jpg,not landscape
../images/zbz-010110232.jpg,landscape
../images/zbz-010647643.jpg,not landscape
../images/zbz-010579073.jpg,not landscape
../images/nb-481029.jpg,landscape
../images/zbz-010434601.jpg,landscape
../images/zbz-011001764.jpg,landscape
../images/zbz-010443489.jpg,landscape
../images/zbz-010718435.jpg,not landscape
../images/nb-1007607.jpg,landscape
../images/nb-836418.jpg,landscape
../images/zbz-010625978.jpg,not landscape
../images/zbz-010261315.jpg,not landscape
../images/zbz-010997537.jpg,not landscape
../images/zbz-010187628.jpg,not landscape
../images/zbz-010577738.jpg,not landscape
../images/zbz-010751035.jpg,landscape
../images/nb-481997.jpg,landscape
../images/zbz-010352913.jpg,not landscape
../images/nb-837060.jpg,not landscape
../images/zbz-011029956.jpg,landscape
../images/nb-162151.jpg,landscape
../images/zbz-010935828.jpg,landscape
../images/zbz-010530473.jpg,landscape
../images/zbz-011096418.jpg,not landscape
../images/zbz-011064856.jpg,landscape
../images/nb-479792.jpg,not landscape
../images/zbz-010316189.jpg,landscape
../images/nb-477967.jpg,not landscape
../images/zbz-010657336.jpg,landscape
../images/zbz-005569968.jpg,not landscape
../images/zbz-010898610.jpg,landscape
../images/zbz-010911746.jpg,not landscape
../images/zbz-010447189.jpg,landscape
../images/nb-479786.jpg,not landscape
../images/zbz-010647131.jpg,not landscape
../images/zbz-005566497.jpg,not landscape
../images/zbz-011407690.jpg,landscape
../images/nb-477973.jpg,not landscape
../images/nb-927515.jpg,landscape
../images/nb-941848.jpg,landscape
../images/nb-481983.jpg,landscape
../images/zbz-010201393.jpg,not landscape
../images/zbz-010434173.jpg,landscape
../images/nb-861232.jpg,not landscape
../images/zbz-011056628.jpg,not landscape
../images/zbz-010277563.jpg,landscape
../images/zbz-011007301.jpg,landscape
../images/zbz-010748216.jpg,not landscape
../images/zbz-010895446.jpg,not landscape
../images/zbz-011093212.jpg,not landscape
../images/nb-1007613.jpg,landscape
../images/zbz-010713574.jpg,landscape
../images/zbz-010646549.jpg,not landscape
../images/zbz-011080508.jpg,not landscape
../images/zbz-010223132.jpg,landscape
../images/zbz-011427226.jpg,landscape
../images/zbz-011004608.jpg,landscape
../images/zbz-011055321.jpg,landscape
../images/zbz-010403091.jpg,landscape
../images/nb-481015.jpg,landscape
../images/zbz-010085771.jpg,landscape
../images/zbz-010861289.jpg,landscape
../images/nb-1124790.jpg,not landscape
../images/nb-826637.jpg,not landscape
../images/zbz-010646561.jpg,landscape
../images/nb-822451.jpg,not landscape
../images/zbz-010862780.jpg,not landscape
../images/zbz-010951438.jpg,not landscape
../images/zbz-010873855.jpg,landscape
../images/zbz-011110127.jpg,landscape
../images/zbz-010109987.jpg,landscape
../images/zbz-010166398.jpg,landscape
../images/nb-824746.jpg,not landscape
../images/zbz-010469248.jpg,not landscape
../images/nb-920252.jpg,landscape
../images/zbz-010606623.jpg,not landscape
../images/zbz-010744362.jpg,not landscape
../images/zbz-005387368.jpg,landscape
../images/zbz-011409695.jpg,landscape
../images/zbz-011025188.jpg,landscape
../images/zbz-010262146.jpg,landscape
../images/zbz-010357857.jpg,not landscape
../images/zbz-010153445.jpg,landscape
../images/zbz-010816767.jpg,not landscape
../images/zbz-010531751.jpg,landscape
../images/zbz-005291278.jpg,landscape
../images/zbz-010163586.jpg,not landscape
../images/zbz-010837971.jpg,landscape
../images/zbz-010241947.jpg,not landscape
../images/zbz-009994607.jpg,not landscape
../images/zbz-010794433.jpg,not landscape
../images/zbz-010740104.jpg,landscape
../images/zbz-010435251.jpg,not landscape
../images/zbz-011132392.jpg,landscape
../images/nb-811931.jpg,not landscape
../images/zbz-010241953.jpg,not landscape
../images/zbz-010962780.jpg,not landscape
../images/nb-162179.jpg,landscape
../images/zbz-010959716.jpg,landscape
../images/zbz-010874848.jpg,not landscape
../images/nb-920246.jpg,landscape
../images/zbz-011042107.jpg,not landscape
../images/nb-479962.jpg,landscape
../images/zbz-010379566.jpg,not landscape
../images/zbz-011371213.jpg,landscape
../images/zbz-011043219.jpg,landscape
../images/zbz-010411481.jpg,landscape
../images/zbz-010528572.jpg,landscape
../images/nb-481001.jpg,landscape
../images/nb-1115559.jpg,not landscape
../images/nb-836430.jpg,not landscape
../images/nb-1124784.jpg,not landscape
../images/zbz-010662428.jpg,not landscape
../images/zbz-010973100.jpg,not landscape
../images/nb-784894.jpg,not landscape
../images/zbz-010164570.jpg,landscape
../images/zbz-005146201.jpg,landscape
../images/zbz-010799856.jpg,not landscape
../images/zbz-010589431.jpg,landscape
../images/zbz-010023149.jpg,not landscape
../images/zbz-010149384.jpg,landscape
../images/nb-478329.jpg,landscape
../images/zbz-010814831.jpg,landscape
../images/zbz-011025177.jpg,landscape
../images/nb-1410629.jpg,landscape
../images/zbz-010243177.jpg,landscape
../images/nb-479751.jpg,landscape
../images/zbz-010692917.jpg,landscape
../images/zbz-010452221.jpg,not landscape
../images/zbz-011142846.jpg,not landscape
../images/nb-480492.jpg,not landscape
../images/zbz-010405379.jpg,landscape
../images/zbz-010718390.jpg,not landscape
../images/zbz-011067344.jpg,not landscape
../images/zbz-011006962.jpg,not landscape
../images/nb-481798.jpg,landscape
../images/nb-480486.jpg,not landscape
../images/zbz-010256208.jpg,not landscape
../images/zbz-011067350.jpg,landscape
../images/zbz-010168438.jpg,not landscape
../images/zbz-010927223.jpg,landscape
../images/zbz-011075754.jpg,not landscape
../images/nb-479745.jpg,landscape
../images/zbz-010586070.jpg,not landscape
../images/zbz-010340318.jpg,landscape
../images/zbz-011108783.jpg,landscape
../images/zbz-011065221.jpg,landscape
../images/zbz-010971703.jpg,not landscape
../images/zbz-010610914.jpg,landscape
../images/zbz-010638040.jpg,not landscape
../images/nb-791533.jpg,not landscape
../images/zbz-011401544.jpg,landscape
../images/zbz-010936448.jpg,not landscape
../images/zbz-010814825.jpg,not landscape
../images/zbz-010863475.jpg,landscape
../images/zbz-010582570.jpg,not landscape
../images/nb-784658.jpg,landscape
../images/zbz-010824716.jpg,landscape
../images/zbz-010109944.jpg,landscape
../images/zbz-011024533.jpg,landscape
../images/zbz-011096381.jpg,not landscape
../images/nb-478315.jpg,landscape
../images/nb-477026.jpg,landscape
../images/zbz-011370864.jpg,landscape
../images/zbz-010409219.jpg,not landscape
../images/nb-816737.jpg,not landscape
../images/zbz-010593455.jpg,not landscape
../images/zbz-010189822.jpg,landscape
../images/zbz-010710096.jpg,landscape
../images/zbz-010403052.jpg,not landscape
../images/nb-1001289.jpg,landscape
../images/zbz-011082492.jpg,landscape
../images/zbz-010364286.jpg,landscape
../images/zbz-010807871.jpg,landscape
../images/zbz-010821108.jpg,landscape
../images/nb-481968.jpg,not landscape
../images/zbz-010396010.jpg,not landscape
../images/zbz-010610082.jpg,landscape
../images/zbz-010126019.jpg,not landscape
../images/zbz-010168410.jpg,not landscape
../images/nb-477740.jpg,not landscape
../images/zbz-010636723.jpg,not landscape
../images/zbz-010780485.jpg,not landscape
../images/zbz-010044850.jpg,not landscape
../images/nb-533670.jpg,landscape
../images/nb-891658.jpg,not landscape
../images/nb-477998.jpg,not landscape
../images/nb-479779.jpg,not landscape
../images/zbz-010044844.jpg,not landscape
../images/zbz-011128309.jpg,landscape
../images/nb-88012.jpg,landscape
../images/zbz-010911975.jpg,landscape
../images/nb-826186.jpg,not landscape
../images/zbz-005590498.jpg,landscape
../images/zbz-011083798.jpg,not landscape
../images/zbz-010210261.jpg,not landscape
../images/zbz-011391442.jpg,landscape
../images/zbz-010878069.jpg,landscape
../images/zbz-010342533.jpg,landscape
../images/zbz-010511330.jpg,not landscape
../images/zbz-010403046.jpg,not landscape
../images/zbz-010866531.jpg,not landscape
../images/zbz-010094873.jpg,landscape
../images/zbz-011000491.jpg,not landscape
../images/zbz-010264286.jpg,not landscape
../images/zbz-010930005.jpg,landscape
../images/nb-478301.jpg,landscape
../images/nb-477032.jpg,not landscape
../images/nb-812545.jpg,not landscape
../images/zbz-010588707.jpg,not landscape
../images/zbz-010863449.jpg,landscape
../images/zbz-010466812.jpg,not landscape
../images/zbz-010786786.jpg,not landscape
../images/zbz-010515156.jpg,not landscape
../images/zbz-010265198.jpg,landscape
../images/zbz-010436572.jpg,not landscape
../images/zbz-010799329.jpg,not landscape
../images/zbz-010254812.jpg,landscape
../images/zbz-011055889.jpg,landscape
../images/zbz-010194456.jpg,not landscape
../images/nb-478856.jpg,not landscape
../images/zbz-010159430.jpg,not landscape
../images/zbz-011368568.jpg,landscape
../images/nb-479590.jpg,not landscape
../images/nb-482044.jpg,landscape
../images/zbz-010798037.jpg,landscape
../images/zbz-010092755.jpg,not landscape
../images/nb-837262.jpg,landscape
../images/zbz-010094324.jpg,not landscape
../images/zbz-010893547.jpg,not landscape
../images/nb-999953.jpg,not landscape
../images/nb-480653.jpg,not landscape
../images/zbz-010188719.jpg,landscape
../images/zbz-010883032.jpg,not landscape
../images/zbz-010913435.jpg,not landscape
../images/zbz-010524162.jpg,not landscape
../images/nb-812974.jpg,not landscape
../images/zbz-011024916.jpg,landscape
../images/zbz-005663999.jpg,landscape
../images/zbz-011116768.jpg,landscape
../images/nb-1003663.jpg,landscape
../images/zbz-011054229.jpg,not landscape
../images/zbz-010466437.jpg,not landscape
../images/zbz-010099172.jpg,not landscape
../images/zbz-010951612.jpg,not landscape
../images/nb-812960.jpg,not landscape
../images/zbz-010290844.jpg,landscape
../images/nb-1003677.jpg,landscape
../images/zbz-010436200.jpg,not landscape
../images/zbz-010462889.jpg,landscape
../images/nb-480121.jpg,landscape
../images/zbz-010746039.jpg,not landscape
../images/zbz-010582969.jpg,not landscape
../images/zbz-010673928.jpg,not landscape
../images/nb-837510.jpg,not landscape
../images/zbz-011061286.jpg,not landscape
../images/zbz-010806986.jpg,not landscape
../images/zbz-010079086.jpg,landscape
../images/nb-481559.jpg,landscape
../images/zbz-010125921.jpg,not landscape
../images/zbz-011038495.jpg,not landscape
../images/zbz-010914428.jpg,not landscape
../images/nb-480647.jpg,not landscape
../images/zbz-005664984.jpg,landscape
../images/zbz-011043027.jpg,not landscape
../images/zbz-011417859.jpg,landscape
../images/zbz-010379758.jpg,not landscape
../images/zbz-010522261.jpg,not landscape
../images/zbz-010493870.jpg,not landscape
../images/nb-482050.jpg,landscape
../images/nb-479584.jpg,not landscape
../images/nb-481571.jpg,landscape
../images/zbz-010794631.jpg,landscape
../images/nb-868982.jpg,not landscape
../images/zbz-010784422.jpg,landscape
../images/nb-836140.jpg,not landscape
../images/zbz-010530895.jpg,not landscape
../images/zbz-010577506.jpg,not landscape
../images/nb-477581.jpg,landscape
../images/nb-476847.jpg,not landscape
../images/nb-482078.jpg,landscape
../images/zbz-010619267.jpg,not landscape
../images/zbz-010431547.jpg,landscape
../images/zbz-010436228.jpg,not landscape
../images/nb-480109.jpg,not landscape
../images/zbz-010397871.jpg,landscape
../images/zbz-011094757.jpg,landscape
../images/zbz-010952333.jpg,not landscape
../images/zbz-010859514.jpg,not landscape
../images/nb-1001048.jpg,landscape
../images/nb-481217.jpg,landscape
../images/zbz-010188731.jpg,landscape
../images/zbz-005400538.jpg,landscape
../images/nb-934757.jpg,not landscape
../images/zbz-010191260.jpg,not landscape
../images/nb-481203.jpg,not landscape
../images/zbz-005302606.jpg,not landscape
../images/nb-802597.jpg,landscape
../images/zbz-010648982.jpg,not landscape
../images/zbz-010610531.jpg,not landscape
../images/nb-477595.jpg,not landscape
../images/zbz-010493694.jpg,not landscape
../images/zbz-010695249.jpg,not landscape
../images/zbz-005386260.jpg,not landscape
../images/nb-476853.jpg,landscape
../images/zbz-010874492.jpg,not landscape
../images/nb-926435.jpg,landscape
../images/zbz-010336073.jpg,not landscape
../images/zbz-011146611.jpg,not landscape
../images/zbz-011055679.jpg,not landscape
../images/zbz-010420338.jpg,landscape
../images/zbz-010889537.jpg,not landscape
../images/zbz-011079393.jpg,not landscape
../images/nb-481565.jpg,landscape
../images/zbz-010240697.jpg,not landscape
../images/nb-879643.jpg,not landscape
../images/zbz-010196269.jpg,landscape
../images/zbz-010093463.jpg,not landscape
../images/nb-836154.jpg,landscape
../images/zbz-010511697.jpg,landscape
../images/zbz-010861921.jpg,landscape
../images/nb-943252.jpg,landscape
../images/zbz-005385782.jpg,landscape
../images/zbz-010973464.jpg,landscape
../images/nb-999990.jpg,not landscape
../images/nb-480690.jpg,not landscape
../images/nb-480848.jpg,landscape
../images/zbz-010571188.jpg,landscape
../images/nb-838192.jpg,not landscape
../images/nb-817171.jpg,landscape
../images/nb-814478.jpg,not landscape
../images/nb-478895.jpg,not landscape
../images/zbz-010833732.jpg,landscape
../images/nb-479553.jpg,not landscape
../images/nb-482087.jpg,landscape
../images/zbz-006050325.jpg,not landscape
../images/nb-957227.jpg,landscape
../images/zbz-010590362.jpg,not landscape
../images/zbz-010160514.jpg,landscape
../images/zbz-005718442.jpg,landscape
../images/zbz-011392407.jpg,landscape
../images/nb-477218.jpg,not landscape
../images/nb-479235.jpg,not landscape
../images/zbz-010919865.jpg,not landscape
../images/nb-813471.jpg,not landscape
../images/zbz-010875001.jpg,landscape
../images/zbz-010462686.jpg,not landscape
../images/zbz-010197822.jpg,not landscape
../images/zbz-010870179.jpg,landscape
../images/nb-1115968.jpg,not landscape
../images/nb-741074.jpg,not landscape
../images/zbz-010381034.jpg,landscape
../images/zbz-010249658.jpg,not landscape
../images/zbz-010443648.jpg,not landscape
../images/zbz-010614970.jpg,not landscape
../images/nb-913317.jpg,landscape
../images/zbz-010134151.jpg,not landscape
../images/zbz-011123704.jpg,landscape
../images/zbz-010345704.jpg,landscape
../images/nb-905575.jpg,landscape
../images/zbz-010132520.jpg,not landscape
../images/zbz-010820982.jpg,landscape
../images/zbz-010245076.jpg,not landscape
../images/nb-791731.jpg,landscape
../images/nb-479221.jpg,not landscape
../images/nb-938192.jpg,not landscape
../images/zbz-010478812.jpg,not landscape
../images/nb-959578.jpg,landscape
../images/nb-478881.jpg,not landscape
../images/zbz-010110781.jpg,landscape
../images/nb-482093.jpg,not landscape
../images/nb-479547.jpg,not landscape
../images/nb-789618.jpg,not landscape
../images/nb-478659.jpg,not landscape
../images/zbz-010911593.jpg,not landscape
../images/nb-1119820.jpg,not landscape
../images/zbz-011146836.jpg,not landscape
../images/zbz-010817848.jpg,landscape
../images/nb-1123570.jpg,not landscape
../images/zbz-010904820.jpg,not landscape
../images/zbz-010878257.jpg,not landscape
../images/nb-480684.jpg,not landscape
../images/nb-999984.jpg,not landscape
../images/zbz-010913384.jpg,not landscape
../images/zbz-010134637.jpg,not landscape
../images/nb-942158.jpg,landscape
../images/nb-838186.jpg,landscape
../images/zbz-010965212.jpg,not landscape
../images/zbz-010639612.jpg,not landscape
../images/zbz-010447374.jpg,landscape
../images/nb-478671.jpg,not landscape
../images/zbz-010874445.jpg,landscape
../images/nb-816253.jpg,not landscape
../images/zbz-011070406.jpg,not landscape
../images/zbz-010497425.jpg,not landscape
../images/nb-1123558.jpg,not landscape
../images/zbz-010240898.jpg,landscape
../images/nb-868941.jpg,not landscape
../images/nb-480874.jpg,landscape
../images/zbz-010716183.jpg,not landscape
../images/zbz-010133616.jpg,not landscape
../images/nb-934780.jpg,landscape
../images/zbz-010134179.jpg,landscape
../images/zbz-011030744.jpg,not landscape
../images/zbz-010509769.jpg,not landscape
../images/zbz-010582982.jpg,not landscape
../images/zbz-010878519.jpg,not landscape
../images/nb-741048.jpg,landscape
../images/nb-477224.jpg,landscape
../images/zbz-010401447.jpg,not landscape
../images/zbz-010168174.jpg,not landscape
../images/nb-478117.jpg,landscape
../images/nb-479209.jpg,not landscape
../images/zbz-010919695.jpg,not landscape
../images/nb-477230.jpg,landscape
../images/nb-1003688.jpg,landscape
../images/nb-832497.jpg,not landscape
../images/zbz-010657861.jpg,not landscape
../images/zbz-010917860.jpg,landscape
../images/nb-478103.jpg,not landscape
../images/nb-931834.jpg,landscape
../images/zbz-010446718.jpg,not landscape
../images/zbz-010171431.jpg,not landscape
../images/zbz-010108694.jpg,landscape
../images/zbz-010545563.jpg,landscape
../images/nb-942602.jpg,not landscape
../images/zbz-010133602.jpg,landscape
../images/zbz-010061150.jpg,not landscape
../images/zbz-011113823.jpg,not landscape
../images/zbz-009983810.jpg,landscape
../images/zbz-011067608.jpg,landscape
../images/zbz-010497431.jpg,not landscape
../images/zbz-010389326.jpg,not landscape
../images/nb-1124223.jpg,not landscape
../images/zbz-010474972.jpg,not landscape
../images/nb-480860.jpg,landscape
../images/nb-837289.jpg,not landscape
../images/zbz-010153848.jpg,landscape
../images/zbz-010824266.jpg,landscape
../images/nb-814450.jpg,not landscape
../images/zbz-010897912.jpg,not landscape
../images/zbz-005747608.jpg,landscape
../images/nb-477556.jpg,not landscape
../images/nb-478665.jpg,not landscape
../images/nb-476890.jpg,not landscape
../images/nb-482130.jpg,not landscape
../images/zbz-011437431.jpg,landscape
../images/nb-478922.jpg,not landscape
../images/zbz-011385972.jpg,not landscape
../images/zbz-010745336.jpg,not landscape
../images/nb-863747.jpg,not landscape
../images/zbz-011094179.jpg,landscape
../images/nb-480727.jpg,not landscape
../images/zbz-010795467.jpg,landscape
../images/zbz-010154060.jpg,landscape
../images/zbz-010196335.jpg,not landscape
../images/zbz-010870970.jpg,landscape
../images/nb-481439.jpg,not landscape
../images/zbz-010818400.jpg,landscape
../images/zbz-011007063.jpg,not landscape
../images/zbz-010197995.jpg,not landscape
../images/nb-1001100.jpg,not landscape
../images/zbz-010605706.jpg,not landscape
../images/zbz-010049743.jpg,not landscape
../images/nb-990803.jpg,not landscape
../images/zbz-010550797.jpg,not landscape
../images/zbz-011405483.jpg,landscape
../images/zbz-010112753.jpg,not landscape
../images/zbz-011083363.jpg,landscape
../images/nb-480041.jpg,landscape
../images/zbz-010464340.jpg,not landscape
../images/zbz-005389769.jpg,not landscape
../images/zbz-009988602.jpg,not landscape
../images/zbz-010542393.jpg,not landscape
../images/nb-478088.jpg,not landscape
../images/nb-1003703.jpg,landscape
../images/zbz-010589948.jpg,not landscape
../images/zbz-010834840.jpg,not landscape
../images/zbz-010140767.jpg,not landscape
../images/zbz-010156105.jpg,landscape
../images/zbz-009988616.jpg,not landscape
../images/nb-812814.jpg,not landscape
../images/zbz-010658401.jpg,not landscape
../images/nb-479396.jpg,landscape
../images/zbz-010798631.jpg,not landscape
../images/zbz-010831938.jpg,not landscape
../images/nb-162555.jpg,landscape
../images/zbz-010211590.jpg,landscape
../images/nb-837464.jpg,landscape
../images/zbz-010133789.jpg,not landscape
../images/nb-990817.jpg,landscape
../images/zbz-010132497.jpg,not landscape
../images/nb-1007565.jpg,not landscape
../images/zbz-010295690.jpg,not landscape
../images/nb-480055.jpg,landscape
../images/zbz-011083411.jpg,landscape
../images/zbz-010050560.jpg,not landscape
../images/zbz-010424016.jpg,not landscape
../images/zbz-010810048.jpg,not landscape
../images/nb-482124.jpg,landscape
../images/nb-478936.jpg,not landscape
../images/zbz-010951000.jpg,not landscape
../images/zbz-005582315.jpg,not landscape
../images/zbz-011385966.jpg,landscape
../images/zbz-011043153.jpg,not landscape
../images/zbz-010905479.jpg,not landscape
../images/zbz-010559957.jpg,not landscape
../images/nb-481405.jpg,not landscape
../images/nb-1050373.jpg,not landscape
../images/zbz-011420171.jpg,landscape
../images/zbz-010118242.jpg,not landscape
../images/zbz-010420258.jpg,landscape
../images/nb-476933.jpg,not landscape
../images/zbz-010658429.jpg,not landscape
../images/zbz-010141451.jpg,not landscape
../images/zbz-011427178.jpg,landscape
../images/zbz-009980262.jpg,landscape
../images/nb-481363.jpg,not landscape
../images/nb-933158.jpg,landscape
../images/zbz-010164821.jpg,not landscape
../images/zbz-010362224.jpg,landscape
../images/zbz-010793994.jpg,not landscape
../images/nb-1001128.jpg,not landscape
../images/nb-481377.jpg,not landscape
../images/nb-739050.jpg,landscape
../images/nb-817788.jpg,landscape
../images/zbz-010155430.jpg,landscape
../images/zbz-009984010.jpg,not landscape
../images/zbz-010655119.jpg,not landscape
../images/nb-1007559.jpg,not landscape
../images/nb-880392.jpg,landscape
../images/zbz-010805479.jpg,landscape
../images/zbz-010872829.jpg,landscape
../images/zbz-010431427.jpg,not landscape
../images/zbz-010430739.jpg,not landscape
../images/zbz-010339552.jpg,not landscape
../images/nb-815821.jpg,not landscape
../images/nb-482118.jpg,landscape
../images/zbz-010919044.jpg,not landscape
../images/zbz-010234062.jpg,not landscape
../images/nb-939461.jpg,landscape
../images/zbz-011337130.jpg,not landscape
../images/zbz-010389291.jpg,not landscape
../images/zbz-010912111.jpg,not landscape
../images/zbz-010444906.jpg,not landscape
../images/nb-481411.jpg,not landscape
../images/zbz-010260433.jpg,not landscape
../images/nb-817005.jpg,not landscape
../images/nb-885567.jpg,landscape
../images/zbz-010258147.jpg,not landscape
../images/zbz-010635160.jpg,not landscape
../images/zbz-010905486.jpg,not landscape
../images/nb-478739.jpg,not landscape
../images/zbz-010349738.jpg,landscape
../images/zbz-010446122.jpg,landscape
../images/zbz-011045293.jpg,landscape
../images/zbz-010589747.jpg,not landscape
../images/zbz-011141787.jpg,not landscape
../images/zbz-010253774.jpg,landscape
../images/zbz-010100394.jpg,not landscape
../images/zbz-010272962.jpg,not landscape
../images/nb-479341.jpg,not landscape
../images/zbz-005795174.jpg,landscape
../images/zbz-011405440.jpg,landscape
../images/zbz-010207325.jpg,landscape
../images/nb-480082.jpg,not landscape
../images/zbz-010334089.jpg,landscape
../images/zbz-010537903.jpg,not landscape
../images/nb-162596.jpg,landscape
../images/nb-925909.jpg,landscape
../images/zbz-010134025.jpg,landscape
../images/nb-481388.jpg,landscape
../images/zbz-010248426.jpg,landscape
../images/zbz-010196484.jpg,not landscape
../images/zbz-010965400.jpg,not landscape
../images/zbz-011128725.jpg,landscape
../images/zbz-010100380.jpg,landscape
../images/zbz-010385332.jpg,not landscape
../images/zbz-010873276.jpg,landscape
../images/nb-1119954.jpg,not landscape
../images/zbz-010316228.jpg,not landscape
../images/nb-813277.jpg,not landscape
../images/nb-480928.jpg,not landscape
../images/zbz-010625367.jpg,landscape
../images/nb-861187.jpg,landscape
../images/zbz-010778706.jpg,not landscape
../images/nb-642409.jpg,landscape
../images/nb-801673.jpg,not landscape
../images/zbz-010084094.jpg,not landscape
../images/nb-938970.jpg,landscape
../images/zbz-010960236.jpg,landscape
../images/nb-477436.jpg,landscape
../images/nb-478705.jpg,not landscape
../images/zbz-010961128.jpg,not landscape
../images/zbz-011410071.jpg,landscape
../images/zbz-011114792.jpg,not landscape
../images/zbz-010405033.jpg,not landscape
../images/nb-816327.jpg,not landscape
../images/nb-816441.jpg,not landscape
../images/zbz-011060007.jpg,landscape
../images/zbz-011026052.jpg,landscape
../images/zbz-011079556.jpg,not landscape
../images/zbz-010201768.jpg,not landscape
../images/nb-1029673.jpg,landscape
../images/zbz-010926505.jpg,not landscape
../images/nb-478063.jpg,not landscape
../images/zbz-010349062.jpg,landscape
../images/nb-889413.jpg,landscape
../images/zbz-010151695.jpg,not landscape
../images/zbz-010437095.jpg,not landscape
../images/zbz-010659938.jpg,not landscape
../images/zbz-010138623.jpg,landscape
../images/nb-786305.jpg,not landscape
../images/nb-478077.jpg,not landscape
../images/zbz-010140798.jpg,not landscape
../images/zbz-011123894.jpg,not landscape
../images/zbz-010878479.jpg,not landscape
../images/zbz-005505285.jpg,not landscape
../images/zbz-011026046.jpg,not landscape
../images/zbz-011083388.jpg,landscape
../images/nb-826596.jpg,not landscape
../images/zbz-005565571.jpg,not landscape
../images/zbz-010595346.jpg,not landscape
../images/zbz-011048947.jpg,landscape
../images/zbz-010038151.jpg,not landscape
../images/zbz-010592429.jpg,not landscape
../images/nb-892033.jpg,landscape
../images/zbz-010883813.jpg,not landscape
../images/nb-816333.jpg,not landscape
../images/zbz-011039600.jpg,not landscape
../images/zbz-011032755.jpg,not landscape
../images/nb-880437.jpg,landscape
../images/nb-1410577.jpg,not landscape
../images/nb-478711.jpg,not landscape
../images/zbz-010384776.jpg,landscape
../images/zbz-010918399.jpg,not landscape
../images/zbz-010514658.jpg,not landscape
../images/zbz-011130630.jpg,not landscape
../images/zbz-010648404.jpg,not landscape
../images/nb-938233.jpg,not landscape
../images/nb-479180.jpg,not landscape
../images/zbz-010788634.jpg,landscape
../images/nb-941096.jpg,landscape
../images/zbz-011065382.jpg,not landscape
../images/zbz-010891998.jpg,not landscape
../images/zbz-010213191.jpg,not landscape
../images/nb-480243.jpg,landscape
../images/nb-1051535.jpg,landscape
../images/zbz-010883344.jpg,not landscape
../images/zbz-010019376.jpg,not landscape
../images/zbz-010268523.jpg,not landscape
../images/zbz-010932955.jpg,not landscape
../images/nb-1343837.jpg,landscape
../images/nb-1124800.jpg,not landscape
../images/nb-827461.jpg,landscape
../images/zbz-006627725.jpg,landscape
../images/zbz-011007261.jpg,not landscape
../images/zbz-011082519.jpg,landscape
../images/nb-955785.jpg,landscape
../images/zbz-010049227.jpg,landscape
../images/zbz-011047123.jpg,landscape
../images/nb-480525.jpg,landscape
../images/zbz-009995451.jpg,not landscape
../images/zbz-011467004.jpg,landscape
../images/zbz-011073286.jpg,not landscape
../images/zbz-010126192.jpg,landscape
../images/zbz-010395492.jpg,not landscape
../images/nb-477813.jpg,landscape
../images/zbz-010110420.jpg,landscape
../images/zbz-010823694.jpg,not landscape
../images/nb-918685.jpg,landscape
../images/zbz-010995532.jpg,landscape
../images/zbz-010436610.jpg,not landscape
../images/nb-835717.jpg,not landscape
../images/nb-477807.jpg,landscape
../images/zbz-010887888.jpg,not landscape
../images/zbz-010430261.jpg,not landscape
../images/zbz-011081004.jpg,not landscape
../images/zbz-010445826.jpg,landscape
../images/nb-480531.jpg,landscape
../images/zbz-010153519.jpg,landscape
../images/nb-480257.jpg,not landscape
../images/zbz-010830824.jpg,not landscape
../images/zbz-011001604.jpg,not landscape
../images/nb-841928.jpg,landscape
../images/zbz-010869951.jpg,not landscape
../images/zbz-011092078.jpg,not landscape
../images/nb-838555.jpg,not landscape
../images/zbz-010196645.jpg,not landscape
../images/nb-1124814.jpg,not landscape
../images/nb-816870.jpg,not landscape
../images/nb-481149.jpg,not landscape
../images/zbz-010817243.jpg,landscape
../images/nb-479194.jpg,landscape
../images/zbz-010815454.jpg,not landscape
../images/zbz-010470123.jpg,not landscape
../images/zbz-009981356.jpg,landscape
../images/zbz-010435457.jpg,not landscape
../images/zbz-011084632.jpg,landscape
../images/zbz-010807078.jpg,not landscape
../images/zbz-011000532.jpg,not landscape
../images/zbz-011082243.jpg,not landscape
../images/nb-481161.jpg,landscape
../images/nb-816858.jpg,not landscape
../images/zbz-010503697.jpg,landscape
../images/zbz-010733920.jpg,not landscape
../images/zbz-010899320.jpg,not landscape
../images/zbz-010171948.jpg,not landscape
../images/zbz-010919534.jpg,landscape
../images/zbz-005388891.jpg,not landscape
../images/nb-477191.jpg,landscape
../images/zbz-010685338.jpg,landscape
../images/zbz-010617882.jpg,not landscape
../images/nb-481607.jpg,not landscape
../images/nb-1123835.jpg,not landscape
../images/zbz-010269167.jpg,not landscape
../images/zbz-010912307.jpg,landscape
../images/nb-1000746.jpg,landscape
../images/nb-480519.jpg,not landscape
../images/zbz-010675975.jpg,not landscape
../images/nb-481613.jpg,landscape
../images/zbz-010882714.jpg,landscape
../images/zbz-010710653.jpg,not landscape
../images/zbz-010187012.jpg,not landscape
../images/zbz-010164389.jpg,landscape
../images/nb-800948.jpg,landscape
../images/zbz-010819534.jpg,not landscape
../images/nb-1000752.jpg,not landscape
../images/zbz-010428412.jpg,landscape
../images/zbz-010899452.jpg,not landscape
../images/zbz-010255852.jpg,landscape
../images/zbz-010898994.jpg,not landscape
../images/zbz-010971688.jpg,not landscape
../images/zbz-010393975.jpg,not landscape
../images/zbz-010815468.jpg,landscape
../images/nb-477185.jpg,not landscape
../images/zbz-010435443.jpg,not landscape
../images/zbz-010830818.jpg,not landscape
../images/zbz-010511287.jpg,not landscape
../images/nb-1000034.jpg,not landscape
../images/zbz-011026287.jpg,landscape
../images/zbz-011092044.jpg,not landscape
../images/nb-838569.jpg,not landscape
../images/nb-481175.jpg,landscape
../images/zbz-010049582.jpg,not landscape
../images/nb-817561.jpg,not landscape
../images/zbz-010102959.jpg,landscape
../images/zbz-010807087.jpg,not landscape
../images/zbz-005392836.jpg,landscape
../images/zbz-011027172.jpg,not landscape
../images/zbz-010831535.jpg,landscape
../images/nb-890368.jpg,landscape
../images/zbz-010446446.jpg,not landscape
../images/zbz-005566252.jpg,not landscape
../images/nb-479143.jpg,landscape
../images/nb-941055.jpg,not landscape
../images/zbz-010383233.jpg,landscape
../images/zbz-011054822.jpg,not landscape
../images/nb-938596.jpg,landscape
../images/nb-477608.jpg,landscape
../images/zbz-011125771.jpg,not landscape
../images/nb-883314.jpg,landscape
../images/zbz-010821040.jpg,landscape
../images/zbz-011123300.jpg,not landscape
../images/zbz-010965170.jpg,not landscape
../images/zbz-010973706.jpg,not landscape
../images/zbz-010076000.jpg,not landscape
../images/zbz-010388372.jpg,landscape
../images/zbz-010617869.jpg,landscape
../images/zbz-010657295.jpg,landscape
../images/nb-813075.jpg,not landscape
../images/nb-917561.jpg,landscape
../images/zbz-010798396.jpg,not landscape
../images/zbz-010384548.jpg,not landscape
../images/zbz-010926049.jpg,not landscape
../images/zbz-010438826.jpg,landscape
../images/nb-815404.jpg,not landscape
../images/zbz-010627014.jpg,not landscape
../images/zbz-010647938.jpg,not landscape
../images/zbz-010091843.jpg,not landscape
../images/zbz-010255113.jpg,landscape
../images/zbz-010170465.jpg,not landscape
../images/nb-479157.jpg,not landscape
../images/zbz-010636119.jpg,not landscape
../images/zbz-011055296.jpg,landscape
../images/zbz-010881584.jpg,landscape
../images/nb-838596.jpg,not landscape
../images/nb-817575.jpg,not landscape
../images/zbz-010397534.jpg,not landscape
../images/zbz-010380048.jpg,landscape
../images/zbz-010635410.jpg,landscape
../images/zbz-010258437.jpg,not landscape
../images/zbz-006195469.jpg,landscape
../images/zbz-010246609.jpg,landscape
../images/zbz-010593509.jpg,not landscape
../images/zbz-010973060.jpg,landscape
../images/nb-741316.jpg,landscape
../images/zbz-011039416.jpg,landscape
../images/zbz-010662206.jpg,not landscape
../images/nb-792600.jpg,landscape
../images/zbz-010380706.jpg,landscape
../images/zbz-006235897.jpg,landscape
../images/zbz-011153803.jpg,not landscape
../images/zbz-010969776.jpg,not landscape
../images/zbz-010146699.jpg,not landscape
../images/zbz-010448331.jpg,landscape
../images/nb-477634.jpg,landscape
../images/zbz-011126244.jpg,landscape
../images/nb-477620.jpg,landscape
../images/zbz-010964246.jpg,not landscape
../images/nb-481808.jpg,landscape
../images/nb-830690.jpg,landscape
../images/nb-942212.jpg,landscape
../images/zbz-010380712.jpg,landscape
../images/zbz-010517153.jpg,not landscape
../images/zbz-010464817.jpg,not landscape
../images/zbz-010739202.jpg,landscape
../images/zbz-010972342.jpg,not landscape
../images/zbz-009968279.jpg,not landscape
../images/zbz-011068895.jpg,not landscape
../images/zbz-010386405.jpg,landscape
../images/zbz-010487232.jpg,landscape
../images/nb-816657.jpg,landscape
../images/zbz-010189942.jpg,landscape
../images/nb-477146.jpg,landscape
../images/zbz-010780283.jpg,not landscape
../images/zbz-010141684.jpg,not landscape
../images/nb-919566.jpg,landscape
../images/zbz-010620037.jpg,not landscape
../images/zbz-010401055.jpg,not landscape
../images/nb-477636.jpg,landscape
../images/nb-812341.jpg,not landscape
../images/zbz-010156488.jpg,not landscape
../images/zbz-010887861.jpg,not landscape
../images/zbz-005561265.jpg,not landscape
../images/zbz-011134642.jpg,landscape
../images/zbz-011391520.jpg,landscape
../images/zbz-010737239.jpg,landscape
../images/zbz-010077452.jpg,not landscape
../images/zbz-011059486.jpg,not landscape
../images/nb-919200.jpg,landscape
../images/zbz-010448455.jpg,not landscape
../images/zbz-010204410.jpg,not landscape
../images/zbz-010139729.jpg,not landscape
../images/zbz-010591320.jpg,not landscape
../images/nb-479169.jpg,not landscape
../images/zbz-010637239.jpg,landscape
../images/zbz-010262781.jpg,landscape
../images/nb-477144.jpg,landscape
../images/zbz-010658826.jpg,landscape
../images/zbz-010970557.jpg,landscape
../images/nb-931598.jpg,landscape
../images/nb-162972.jpg,landscape
../images/zbz-010056488.jpg,not landscape
../images/zbz-010258409.jpg,landscape
../images/zbz-010060884.jpg,not landscape
../images/zbz-010380710.jpg,landscape
../images/nb-811884.jpg,not landscape
../images/zbz-010869012.jpg,landscape
../images/zbz-011079024.jpg,landscape
../images/nb-830692.jpg,landscape
../images/zbz-010486890.jpg,landscape
../images/nb-822296.jpg,landscape
../images/nb-477622.jpg,landscape
../images/zbz-010384576.jpg,not landscape
../images/zbz-010616591.jpg,landscape
../images/zbz-010965172.jpg,not landscape
../images/nb-1000963.jpg,landscape
../images/zbz-010380738.jpg,landscape
../images/zbz-011040855.jpg,landscape
../images/zbz-005660699.jpg,landscape
../images/zbz-010240508.jpg,not landscape
../images/zbz-010079325.jpg,landscape
../images/zbz-010433965.jpg,landscape
../images/nb-751675.jpg,landscape
../images/zbz-010897496.jpg,not landscape
../images/zbz-010889870.jpg,not landscape
../images/nb-815412.jpg,not landscape
../images/nb-478539.jpg,landscape
../images/zbz-011075636.jpg,not landscape
../images/zbz-011023470.jpg,landscape
../images/zbz-010781809.jpg,landscape
../images/zbz-010470848.jpg,not landscape
../images/nb-479141.jpg,not landscape
../images/zbz-006718266.jpg,not landscape
../images/zbz-005566250.jpg,not landscape
../images/zbz-010824884.jpg,not landscape
../images/zbz-010863517.jpg,landscape
../images/zbz-010925230.jpg,not landscape
../images/nb-785424.jpg,landscape
../images/zbz-011056789.jpg,landscape
../images/zbz-010933452.jpg,not landscape
../images/zbz-010604803.jpg,not landscape
../images/nb-817563.jpg,not landscape
../images/nb-741314.jpg,landscape
../images/zbz-010444247.jpg,not landscape
../images/zbz-010078749.jpg,not landscape
../images/zbz-010414470.jpg,not landscape
../images/zbz-010172270.jpg,not landscape
../images/zbz-010871107.jpg,landscape
../images/nb-481188.jpg,landscape
../images/zbz-010262965.jpg,landscape
../images/nb-479155.jpg,not landscape
../images/zbz-010409347.jpg,not landscape
../images/zbz-011151958.jpg,not landscape
../images/zbz-010416501.jpg,not landscape
../images/zbz-010961300.jpg,landscape
../images/zbz-010668067.jpg,not landscape
../images/zbz-010376904.jpg,landscape
../images/zbz-010875407.jpg,landscape
../images/zbz-010397250.jpg,not landscape
../images/nb-811660.jpg,not landscape
../images/nb-481836.jpg,not landscape
../images/zbz-010584711.jpg,not landscape
../images/zbz-010686633.jpg,landscape
../images/zbz-010435333.jpg,not landscape
../images/zbz-010153533.jpg,landscape
../images/zbz-010871852.jpg,landscape
../images/zbz-010882702.jpg,landscape
../images/nb-1123837.jpg,not landscape
../images/nb-481605.jpg,landscape
../images/zbz-010891018.jpg,not landscape
../images/zbz-010889657.jpg,not landscape
../images/zbz-010138392.jpg,not landscape
../images/nb-479800.jpg,not landscape
../images/zbz-010897469.jpg,not landscape
../images/zbz-011126285.jpg,not landscape
../images/zbz-010888549.jpg,not landscape
../images/zbz-010147546.jpg,not landscape
../images/nb-477193.jpg,not landscape
../images/zbz-010468746.jpg,not landscape
../images/nb-890395.jpg,not landscape
../images/nb-872310.jpg,not landscape
../images/zbz-010045345.jpg,not landscape
../images/zbz-010150984.jpg,not landscape
../images/zbz-010471217.jpg,not landscape
../images/nb-481163.jpg,not landscape
../images/zbz-010250082.jpg,landscape
../images/zbz-010387916.jpg,not landscape
../images/zbz-010912463.jpg,landscape
../images/zbz-011040114.jpg,landscape
../images/nb-882785.jpg,landscape
../images/nb-162769.jpg,landscape
../images/zbz-010717880.jpg,landscape
../images/nb-481177.jpg,not landscape
../images/zbz-011092046.jpg,landscape
../images/zbz-011084624.jpg,landscape
../images/zbz-010405582.jpg,landscape
../images/zbz-005300365.jpg,not landscape
../images/nb-816696.jpg,not landscape
../images/nb-1000036.jpg,not landscape
../images/zbz-010468752.jpg,not landscape
../images/zbz-010685448.jpg,not landscape
../images/nb-477187.jpg,not landscape
../images/zbz-010586847.jpg,not landscape
../images/zbz-010874080.jpg,not landscape
../images/zbz-010805679.jpg,landscape
../images/zbz-010512954.jpg,not landscape
../images/nb-814081.jpg,landscape
../images/zbz-010461010.jpg,not landscape
../images/zbz-011090889.jpg,landscape
../images/zbz-011146565.jpg,not landscape
../images/zbz-011091229.jpg,landscape
../images/nb-477839.jpg,not landscape
../images/zbz-011430176.jpg,landscape
../images/nb-479814.jpg,not landscape
../images/zbz-010649056.jpg,landscape
../images/nb-1000750.jpg,not landscape
../images/nb-1030693.jpg,not landscape
../images/nb-481611.jpg,landscape
../images/nb-1123823.jpg,not landscape
../images/zbz-010423545.jpg,not landscape
../images/zbz-010469302.jpg,not landscape
../images/zbz-011081012.jpg,not landscape
../images/nb-918687.jpg,landscape
../images/nb-477811.jpg,landscape
../images/nb-939891.jpg,landscape
../images/zbz-011128294.jpg,landscape
../images/zbz-010901423.jpg,not landscape
../images/zbz-010745136.jpg,not landscape
../images/nb-888280.jpg,landscape
../images/zbz-010573428.jpg,landscape
../images/zbz-010608744.jpg,not landscape
../images/zbz-010470653.jpg,not landscape
../images/zbz-010911630.jpg,not landscape
../images/nb-480527.jpg,landscape
../images/zbz-011115673.jpg,not landscape
../images/zbz-010397287.jpg,not landscape
../images/nb-955787.jpg,landscape
../images/zbz-011051743.jpg,not landscape
../images/zbz-010497976.jpg,not landscape
../images/nb-481639.jpg,landscape
../images/nb-816866.jpg,not landscape
../images/zbz-010364469.jpg,landscape
../images/nb-1124802.jpg,not landscape
../images/nb-480241.jpg,landscape
../images/zbz-010801437.jpg,not landscape
../images/zbz-010830832.jpg,landscape
../images/nb-1051537.jpg,landscape
../images/zbz-010685460.jpg,not landscape
../images/zbz-010194044.jpg,not landscape
../images/nb-835067.jpg,not landscape
../images/zbz-005672538.jpg,landscape
../images/nb-479182.jpg,not landscape
../images/zbz-010466757.jpg,not landscape
../images/zbz-010930198.jpg,landscape
../images/nb-478288.jpg,landscape
../images/zbz-010862806.jpg,landscape
../images/zbz-010788622.jpg,not landscape
../images/zbz-010073807.jpg,not landscape
../images/nb-887819.jpg,not landscape
../images/nb-479196.jpg,not landscape
../images/nb-816872.jpg,not landscape
../images/zbz-011122975.jpg,not landscape
../images/nb-1124816.jpg,not landscape
../images/zbz-010259930.jpg,not landscape
../images/nb-480255.jpg,landscape
../images/zbz-010654985.jpg,not landscape
../images/nb-480533.jpg,landscape
../images/zbz-010883434.jpg,not landscape
../images/zbz-010711573.jpg,landscape
../images/nb-477805.jpg,landscape
../images/nb-835715.jpg,not landscape
../images/zbz-010898772.jpg,not landscape
../images/nb-479828.jpg,landscape
../images/zbz-006800232.jpg,landscape
../images/zbz-010263851.jpg,landscape
../images/nb-478061.jpg,not landscape
../images/zbz-010917902.jpg,landscape
../images/nb-1359448.jpg,not landscape
../images/nb-804047.jpg,landscape
../images/zbz-010383769.jpg,not landscape
../images/zbz-010966123.jpg,not landscape
../images/nb-1164003.jpg,not landscape
../images/zbz-010481457.jpg,not landscape
../images/zbz-011049497.jpg,landscape
../images/zbz-010197968.jpg,not landscape
../images/zbz-010078563.jpg,not landscape
../images/nb-816443.jpg,not landscape
../images/zbz-010266097.jpg,not landscape
../images/zbz-011060763.jpg,not landscape
../images/zbz-010915873.jpg,landscape
../images/zbz-010636457.jpg,landscape
../images/nb-477434.jpg,landscape
../images/nb-478707.jpg,not landscape
../images/zbz-010515550.jpg,not landscape
../images/zbz-010637985.jpg,not landscape
../images/zbz-010824310.jpg,not landscape
../images/zbz-010254757.jpg,landscape
../images/zbz-011044819.jpg,not landscape
../images/nb-477420.jpg,landscape
../images/nb-478713.jpg,not landscape
../images/zbz-010626888.jpg,landscape
../images/nb-919770.jpg,landscape
../images/nb-890626.jpg,landscape
../images/nb-816331.jpg,landscape
../images/zbz-011067018.jpg,landscape
../images/zbz-010210115.jpg,not landscape
../images/zbz-011123128.jpg,not landscape
../images/zbz-011030140.jpg,not landscape
../images/nb-810740.jpg,not landscape
../images/zbz-010784583.jpg,not landscape
../images/zbz-010040956.jpg,not landscape
../images/zbz-010208982.jpg,not landscape
../images/zbz-010433597.jpg,not landscape
../images/zbz-010397708.jpg,not landscape
../images/nb-882544.jpg,landscape
../images/zbz-010078577.jpg,not landscape
../images/zbz-010060338.jpg,not landscape
../images/zbz-010737749.jpg,not landscape
../images/zbz-011129405.jpg,landscape
../images/nb-812631.jpg,landscape
../images/zbz-010430920.jpg,landscape
../images/nb-478075.jpg,not landscape
../images/zbz-010587998.jpg,not landscape
../images/zbz-010417347.jpg,not landscape
../images/zbz-010141484.jpg,not landscape
../images/zbz-010495436.jpg,not landscape
../images/zbz-010551448.jpg,not landscape
../images/zbz-011079568.jpg,not landscape
../images/nb-480080.jpg,landscape
../images/zbz-010806199.jpg,landscape
../images/zbz-010872618.jpg,landscape
../images/zbz-010504307.jpg,landscape
../images/zbz-011045291.jpg,not landscape
../images/zbz-010253010.jpg,landscape
../images/zbz-010873260.jpg,landscape
../images/zbz-010493709.jpg,not landscape
../images/zbz-010465921.jpg,not landscape
../images/zbz-010594714.jpg,not landscape
../images/zbz-010208772.jpg,landscape
../images/zbz-010238869.jpg,not landscape
../images/zbz-010499542.jpg,not landscape
../images/nb-817007.jpg,landscape
../images/nb-801671.jpg,not landscape
../images/zbz-010208766.jpg,landscape
../images/zbz-010559766.jpg,not landscape
../images/zbz-010172714.jpg,landscape
../images/zbz-010933122.jpg,landscape
../images/zbz-010334935.jpg,landscape
../images/zbz-010124552.jpg,not landscape
../images/zbz-010159591.jpg,not landscape
../images/zbz-010647286.jpg,not landscape
../images/nb-1359306.jpg,not landscape
../images/zbz-010961102.jpg,landscape
../images/zbz-010873274.jpg,not landscape
../images/zbz-005474456.jpg,landscape
../images/zbz-010437915.jpg,not landscape
../images/zbz-010131639.jpg,landscape
../images/nb-888733.jpg,landscape
../images/nb-478049.jpg,landscape
../images/zbz-005374619.jpg,landscape
../images/zbz-010677423.jpg,not landscape
../images/zbz-010196486.jpg,not landscape
../images/zbz-010388614.jpg,not landscape
../images/zbz-010134027.jpg,not landscape
../images/zbz-011031504.jpg,landscape
../images/nb-480094.jpg,not landscape
../images/zbz-010386639.jpg,landscape
../images/zbz-010231859.jpg,landscape
../images/zbz-010859462.jpg,not landscape
../images/zbz-005834404.jpg,not landscape
../images/nb-481361.jpg,landscape
../images/nb-739046.jpg,not landscape
../images/zbz-009994215.jpg,landscape
../images/zbz-010667803.jpg,not landscape
../images/zbz-010563363.jpg,not landscape
../images/zbz-011127399.jpg,landscape
../images/nb-886093.jpg,landscape
../images/zbz-010591693.jpg,landscape
../images/zbz-010059208.jpg,not landscape
../images/nb-481407.jpg,not landscape
../images/zbz-010465706.jpg,not landscape
../images/nb-934153.jpg,landscape
../images/zbz-011030197.jpg,not landscape
../images/zbz-010497590.jpg,not landscape
../images/zbz-010256197.jpg,not landscape
../images/nb-934147.jpg,landscape
../images/nb-481413.jpg,not landscape
../images/zbz-010558487.jpg,not landscape
../images/zbz-010389293.jpg,landscape
../images/zbz-009995679.jpg,not landscape
../images/nb-476925.jpg,not landscape
../images/zbz-010950320.jpg,landscape
../images/zbz-011156574.jpg,not landscape
../images/zbz-011385958.jpg,landscape
../images/nb-478908.jpg,not landscape
../images/zbz-010637946.jpg,landscape
../images/zbz-010968867.jpg,not landscape
../images/zbz-011120384.jpg,landscape
../images/zbz-010242848.jpg,landscape
../images/zbz-011080898.jpg,not landscape
../images/zbz-010667817.jpg,not landscape
../images/nb-1168836.jpg,landscape
../images/zbz-010589976.jpg,landscape
../images/zbz-011091995.jpg,landscape
../images/zbz-010809241.jpg,landscape
../images/zbz-011142267.jpg,not landscape
../images/nb-990829.jpg,landscape
../images/zbz-010800503.jpg,landscape
../images/zbz-010260357.jpg,landscape
../images/nb-481375.jpg,landscape
../images/zbz-010892061.jpg,not landscape
../images/nb-739052.jpg,landscape
../images/zbz-011075391.jpg,not landscape
../images/zbz-010358192.jpg,landscape
../images/zbz-010900259.jpg,landscape
../images/zbz-010111258.jpg,not landscape
../images/nb-1029856.jpg,not landscape
../images/nb-480043.jpg,not landscape
../images/nb-1007573.jpg,not landscape
../images/nb-990801.jpg,landscape
../images/zbz-010197997.jpg,not landscape
../images/nb-1001102.jpg,not landscape
../images/zbz-010059234.jpg,not landscape
../images/zbz-010248395.jpg,landscape
../images/zbz-010831090.jpg,landscape
../images/zbz-010935584.jpg,not landscape
../images/zbz-010934842.jpg,not landscape
../images/nb-480725.jpg,not landscape
../images/zbz-010591877.jpg,not landscape
../images/zbz-010460642.jpg,landscape
../images/nb-478920.jpg,not landscape
